<?xml version="1.0" encoding="UTF-8"?>
<beans:beans xmlns="http://www.springframework.org/schema/mvc"
	xmlns:xsi="http://www.w3.org/2001/XMLSchema-instance"
	xmlns:beans="http://www.springframework.org/schema/beans"
	xmlns:context="http://www.springframework.org/schema/context"
	xmlns:aop="http://www.springframework.org/schema/aop"
	xsi:schemaLocation="http://www.springframework.org/schema/mvc https://www.springframework.org/schema/mvc/spring-mvc.xsd
		http://www.springframework.org/schema/beans https://www.springframework.org/schema/beans/spring-beans.xsd
		http://www.springframework.org/schema/context https://www.springframework.org/schema/context/spring-context.xsd
		http://www.springframework.org/schema/aop http://www.springframework.org/schema/aop/spring-aop-4.3.xsd">

   <!-- DispatcherServlet Context: defines this servlet's request-processing 
      infrastructure -->

   <!-- Enables the Spring MVC @Controller programming model -->
   <annotation-driven />

   <!-- Handles HTTP GET requests for /resources/** by efficiently serving 
      up static resources in the ${webappRoot}/resources directory -->
   <resources mapping="/resources/**" location="/resources/" />
   <resources mapping="/upload/**" location="/upload/" />

   <!-- Resolves views selected for rendering by @Controllers to .jsp resources 
      in the /WEB-INF/views directory -->
   <beans:bean
      class="org.springframework.web.servlet.view.InternalResourceViewResolver">
      <beans:property name="prefix" value="/WEB-INF/views/" />
      <beans:property name="suffix" value=".jsp" />
   </beans:bean>

   <beans:bean id="multipartResolver"
      class="org.springframework.web.multipart.support.StandardServletMultipartResolver">
   </beans:bean>

   <!-- URL과 상관이 있는 객체 base-package로 설정된 위치의 아래 찾아보기 -> 자동생성 @Controller, @RestController -->
   <context:component-scan
      base-package="com.marcet" />

   <!-- aop 설정 -->
   <aop:aspectj-autoproxy>
   </aop:aspectj-autoproxy>
   
   <interceptors>
        <interceptor>
            <mapping path="/**" />
            <beans:bean class="com.marcet.utill.intercepter.AuthrityInterceptor" />
        </interceptor>
    </interceptors>

</beans:beans>